{
  "token_acc": 1.0,
  "token_p": 0.9990295973,
  "token_r": 0.9995068547,
  "token_f": 0.9992604644,
  "pos_acc": 0.9427599468,
  "morph_acc": 0.8905980378,
  "morph_micro_p": 0.9485199047,
  "morph_micro_r": 0.9452073373,
  "morph_micro_f": 0.9468607238,
  "morph_per_feat": {
    "Abbr": {
      "p": 1.0,
      "r": 0.8279569892,
      "f": 0.9058823529
    },
    "Case": {
      "p": 0.9268292683,
      "r": 0.9249749917,
      "f": 0.9259012016
    },
    "Gender": {
      "p": 0.9201470097,
      "r": 0.918306102,
      "f": 0.9192256342
    },
    "Number": {
      "p": 0.9702183027,
      "r": 0.9686778291,
      "f": 0.969447454
    },
    "Aspect": {
      "p": 0.9163306452,
      "r": 0.9126506024,
      "f": 0.9144869215
    },
    "Mood": {
      "p": 0.9785177229,
      "r": 0.9795698925,
      "f": 0.979043525
    },
    "Person": {
      "p": 0.9725519288,
      "r": 0.9604395604,
      "f": 0.9664577958
    },
    "Tense": {
      "p": 0.9467532468,
      "r": 0.9504563233,
      "f": 0.9486011711
    },
    "VerbForm": {
      "p": 0.96875,
      "r": 0.9648594378,
      "f": 0.9668008048
    },
    "Voice": {
      "p": 0.9445564516,
      "r": 0.9407630522,
      "f": 0.9426559356
    },
    "Definite": {
      "p": 0.9869909502,
      "r": 0.9977129788,
      "f": 0.9923230026
    },
    "PronType": {
      "p": 0.9839816934,
      "r": 0.9844322344,
      "f": 0.9842069123
    },
    "Foreign": {
      "p": 0.6524822695,
      "r": 0.5714285714,
      "f": 0.6092715232
    },
    "NumType": {
      "p": 0.9839572193,
      "r": 0.8975609756,
      "f": 0.9387755102
    },
    "Poss": {
      "p": 0.9302325581,
      "r": 0.8988764045,
      "f": 0.9142857143
    },
    "Degree": {
      "p": 0.75,
      "r": 0.6315789474,
      "f": 0.6857142857
    }
  },
  "sents_p": 0.9292682927,
  "sents_r": 0.9454094293,
  "sents_f": 0.9372693727,
  "dep_uas": 0.8463356974,
  "dep_las": 0.8032327231,
  "dep_las_per_type": {},
  "lemma_acc": 0.8865552433,
  "tag_acc": 0.9127841049,
  "ents_p": 0.742081448,
  "ents_r": 0.6890756303,
  "ents_f": 0.7145969499,
  "ents_per_type": {
    "PERSON": {
      "p": 0.7627118644,
      "r": 0.703125,
      "f": 0.7317073171
    },
    "GPE": {
      "p": 0.8170731707,
      "r": 0.7701149425,
      "f": 0.7928994083
    },
    "ORG": {
      "p": 0.6266666667,
      "r": 0.661971831,
      "f": 0.6438356164
    },
    "PRODUCT": {
      "p": 1.0,
      "r": 0.25,
      "f": 0.4
    },
    "EVENT": {
      "p": 1.0,
      "r": 0.5,
      "f": 0.6666666667
    },
    "LOC": {
      "p": 0.0,
      "r": 0.0,
      "f": 0.0
    }
  },
  "speed": 8740.5228485653
}